INSERT INTO youpassed.exams (id, subject, date, location) VALUES (1, 'ua_lang_lit', '2020-05-01', 'Campus-A');
INSERT INTO youpassed.exams (id, subject, date, location) VALUES (2, 'ua_history', '2020-05-01', 'Campus-A');
INSERT INTO youpassed.exams (id, subject, date, location) VALUES (3, 'math', '2020-05-01', 'Campus-A');
INSERT INTO youpassed.exams (id, subject, date, location) VALUES (4, 'physics', '2020-05-01', 'Campus-B');
INSERT INTO youpassed.exams (id, subject, date, location) VALUES (5, 'chemistry', '2020-10-05', 'Campus-B');
INSERT INTO youpassed.exams (id, subject, date, location) VALUES (6, 'biology', '2020-05-01', 'Campus-B');
INSERT INTO youpassed.exams (id, subject, date, location) VALUES (7, 'geography', '2020-05-01', 'Campus-C');
INSERT INTO youpassed.exams (id, subject, date, location) VALUES (8, 'foreign_lang', '2020-05-01', 'Campus-C');
INSERT INTO youpassed.exams (id, subject, date, location) VALUES (9, 'creativity', '2020-05-01', 'Campus-C');
INSERT INTO youpassed.hibernate_sequence (next_val) VALUES (562);
INSERT INTO youpassed.hibernate_sequence (next_val) VALUES (562);
INSERT INTO youpassed.hibernate_sequence (next_val) VALUES (562);
INSERT INTO youpassed.major_exams (major_id, exam_id) VALUES (1, 1);
INSERT INTO youpassed.major_exams (major_id, exam_id) VALUES (1, 2);
INSERT INTO youpassed.major_exams (major_id, exam_id) VALUES (1, 3);
INSERT INTO youpassed.major_exams (major_id, exam_id) VALUES (2, 1);
INSERT INTO youpassed.major_exams (major_id, exam_id) VALUES (2, 2);
INSERT INTO youpassed.major_exams (major_id, exam_id) VALUES (2, 7);
INSERT INTO youpassed.major_exams (major_id, exam_id) VALUES (3, 1);
INSERT INTO youpassed.major_exams (major_id, exam_id) VALUES (3, 2);
INSERT INTO youpassed.major_exams (major_id, exam_id) VALUES (3, 8);
INSERT INTO youpassed.major_exams (major_id, exam_id) VALUES (4, 1);
INSERT INTO youpassed.major_exams (major_id, exam_id) VALUES (4, 3);
INSERT INTO youpassed.major_exams (major_id, exam_id) VALUES (4, 8);
INSERT INTO youpassed.major_exams (major_id, exam_id) VALUES (5, 1);
INSERT INTO youpassed.major_exams (major_id, exam_id) VALUES (5, 2);
INSERT INTO youpassed.major_exams (major_id, exam_id) VALUES (5, 9);
INSERT INTO youpassed.major_exams (major_id, exam_id) VALUES (6, 1);
INSERT INTO youpassed.major_exams (major_id, exam_id) VALUES (6, 6);
INSERT INTO youpassed.major_exams (major_id, exam_id) VALUES (6, 7);
INSERT INTO youpassed.major_exams (major_id, exam_id) VALUES (7, 1);
INSERT INTO youpassed.major_exams (major_id, exam_id) VALUES (7, 3);
INSERT INTO youpassed.major_exams (major_id, exam_id) VALUES (7, 8);
INSERT INTO youpassed.major_exams (major_id, exam_id) VALUES (8, 1);
INSERT INTO youpassed.major_exams (major_id, exam_id) VALUES (8, 2);
INSERT INTO youpassed.major_exams (major_id, exam_id) VALUES (8, 3);
INSERT INTO youpassed.major_exams (major_id, exam_id) VALUES (9, 1);
INSERT INTO youpassed.major_exams (major_id, exam_id) VALUES (9, 3);
INSERT INTO youpassed.major_exams (major_id, exam_id) VALUES (9, 4);
INSERT INTO youpassed.major_exams (major_id, exam_id) VALUES (10, 1);
INSERT INTO youpassed.major_exams (major_id, exam_id) VALUES (10, 3);
INSERT INTO youpassed.major_exams (major_id, exam_id) VALUES (10, 5);
INSERT INTO youpassed.major_exams (major_id, exam_id) VALUES (11, 1);
INSERT INTO youpassed.major_exams (major_id, exam_id) VALUES (11, 3);
INSERT INTO youpassed.major_exams (major_id, exam_id) VALUES (11, 4);
INSERT INTO youpassed.major_exams (major_id, exam_id) VALUES (12, 1);
INSERT INTO youpassed.major_exams (major_id, exam_id) VALUES (12, 2);
INSERT INTO youpassed.major_exams (major_id, exam_id) VALUES (12, 9);
INSERT INTO youpassed.major_exams (major_id, exam_id) VALUES (13, 1);
INSERT INTO youpassed.major_exams (major_id, exam_id) VALUES (13, 3);
INSERT INTO youpassed.major_exams (major_id, exam_id) VALUES (13, 6);
INSERT INTO youpassed.major_exams (major_id, exam_id) VALUES (14, 1);
INSERT INTO youpassed.major_exams (major_id, exam_id) VALUES (14, 5);
INSERT INTO youpassed.major_exams (major_id, exam_id) VALUES (14, 6);
INSERT INTO youpassed.major_exams (major_id, exam_id) VALUES (15, 1);
INSERT INTO youpassed.major_exams (major_id, exam_id) VALUES (15, 2);
INSERT INTO youpassed.major_exams (major_id, exam_id) VALUES (15, 9);
INSERT INTO youpassed.majors (id, title, capacity, applicants) VALUES (1, 'ComputerScience', 10, 12);
INSERT INTO youpassed.majors (id, title, capacity, applicants) VALUES (2, 'History', 4, 13);
INSERT INTO youpassed.majors (id, title, capacity, applicants) VALUES (3, 'Philology', 5, 14);
INSERT INTO youpassed.majors (id, title, capacity, applicants) VALUES (4, 'Economics', 5, 11);
INSERT INTO youpassed.majors (id, title, capacity, applicants) VALUES (5, 'Music', 4, 15);
INSERT INTO youpassed.majors (id, title, capacity, applicants) VALUES (6, 'Journalism', 7, 16);
INSERT INTO youpassed.majors (id, title, capacity, applicants) VALUES (7, 'Sociology', 4, 14);
INSERT INTO youpassed.majors (id, title, capacity, applicants) VALUES (8, 'Law', 3, 14);
INSERT INTO youpassed.majors (id, title, capacity, applicants) VALUES (9, 'MechanicalEngineering', 2, 12);
INSERT INTO youpassed.majors (id, title, capacity, applicants) VALUES (10, 'ChemicalTechologies', 6, 11);
INSERT INTO youpassed.majors (id, title, capacity, applicants) VALUES (11, 'Electronics', 7, 11);
INSERT INTO youpassed.majors (id, title, capacity, applicants) VALUES (12, 'Architecture', 3, 10);
INSERT INTO youpassed.majors (id, title, capacity, applicants) VALUES (13, 'Agriculture', 3, 11);
INSERT INTO youpassed.majors (id, title, capacity, applicants) VALUES (14, 'Medicine', 2, 12);
INSERT INTO youpassed.majors (id, title, capacity, applicants) VALUES (15, 'Design', 3, 12);
INSERT INTO youpassed.student_exams (student_id, exam_id, mark) VALUES (1, 5, 150);
INSERT INTO youpassed.student_exams (student_id, exam_id, mark) VALUES (1, 6, 190);
INSERT INTO youpassed.student_exams (student_id, exam_id, mark) VALUES (2, 1, 0);
INSERT INTO youpassed.student_exams (student_id, exam_id, mark) VALUES (2, 2, 150);
INSERT INTO youpassed.student_exams (student_id, exam_id, mark) VALUES (2, 3, 178);
INSERT INTO youpassed.student_exams (student_id, exam_id, mark) VALUES (2, 4, 182);
INSERT INTO youpassed.student_exams (student_id, exam_id, mark) VALUES (2, 5, 0);
INSERT INTO youpassed.student_exams (student_id, exam_id, mark) VALUES (2, 6, 177);
INSERT INTO youpassed.student_exams (student_id, exam_id, mark) VALUES (2, 7, 162);
INSERT INTO youpassed.student_exams (student_id, exam_id, mark) VALUES (2, 8, 0);
INSERT INTO youpassed.student_exams (student_id, exam_id, mark) VALUES (2, 9, 0);
INSERT INTO youpassed.student_exams (student_id, exam_id, mark) VALUES (3, 1, 0);
INSERT INTO youpassed.student_exams (student_id, exam_id, mark) VALUES (3, 3, 181);
INSERT INTO youpassed.student_exams (student_id, exam_id, mark) VALUES (3, 5, 147);
INSERT INTO youpassed.student_exams (student_id, exam_id, mark) VALUES (3, 7, 121);
INSERT INTO youpassed.student_exams (student_id, exam_id, mark) VALUES (4, 1, 0);
INSERT INTO youpassed.student_exams (student_id, exam_id, mark) VALUES (4, 2, 147);
INSERT INTO youpassed.student_exams (student_id, exam_id, mark) VALUES (4, 5, 121);
INSERT INTO youpassed.student_exams (student_id, exam_id, mark) VALUES (4, 6, 0);
INSERT INTO youpassed.student_exams (student_id, exam_id, mark) VALUES (4, 8, 121);
INSERT INTO youpassed.student_exams (student_id, exam_id, mark) VALUES (4, 9, 181);
INSERT INTO youpassed.student_exams (student_id, exam_id, mark) VALUES (5, 1, 198);
INSERT INTO youpassed.student_exams (student_id, exam_id, mark) VALUES (5, 2, 169);
INSERT INTO youpassed.student_exams (student_id, exam_id, mark) VALUES (5, 8, 191);
INSERT INTO youpassed.student_exams (student_id, exam_id, mark) VALUES (9, 1, 102);
INSERT INTO youpassed.student_exams (student_id, exam_id, mark) VALUES (9, 2, 0);
INSERT INTO youpassed.student_exams (student_id, exam_id, mark) VALUES (9, 4, 169);
INSERT INTO youpassed.student_exams (student_id, exam_id, mark) VALUES (9, 6, 0);
INSERT INTO youpassed.student_exams (student_id, exam_id, mark) VALUES (9, 7, 132);
INSERT INTO youpassed.student_exams (student_id, exam_id, mark) VALUES (9, 8, 0);
INSERT INTO youpassed.student_exams (student_id, exam_id, mark) VALUES (9, 9, 0);
INSERT INTO youpassed.student_exams (student_id, exam_id, mark) VALUES (11, 1, 0);
INSERT INTO youpassed.student_exams (student_id, exam_id, mark) VALUES (11, 2, 154);
INSERT INTO youpassed.student_exams (student_id, exam_id, mark) VALUES (11, 5, 121);
INSERT INTO youpassed.student_exams (student_id, exam_id, mark) VALUES (11, 6, 147);
INSERT INTO youpassed.student_exams (student_id, exam_id, mark) VALUES (11, 7, 0);
INSERT INTO youpassed.student_exams (student_id, exam_id, mark) VALUES (12, 5, 0);
INSERT INTO youpassed.student_exams (student_id, exam_id, mark) VALUES (12, 7, 154);
INSERT INTO youpassed.student_exams (student_id, exam_id, mark) VALUES (12, 9, 121);
INSERT INTO youpassed.student_exams (student_id, exam_id, mark) VALUES (13, 1, 181);
INSERT INTO youpassed.student_exams (student_id, exam_id, mark) VALUES (13, 2, 0);
INSERT INTO youpassed.student_exams (student_id, exam_id, mark) VALUES (14, 1, 121);
INSERT INTO youpassed.student_exams (student_id, exam_id, mark) VALUES (14, 3, 147);
INSERT INTO youpassed.student_exams (student_id, exam_id, mark) VALUES (15, 1, 0);
INSERT INTO youpassed.student_exams (student_id, exam_id, mark) VALUES (15, 6, 181);
INSERT INTO youpassed.student_exams (student_id, exam_id, mark) VALUES (16, 1, 121);
INSERT INTO youpassed.student_exams (student_id, exam_id, mark) VALUES (16, 2, 0);
INSERT INTO youpassed.student_exams (student_id, exam_id, mark) VALUES (16, 6, 147);
INSERT INTO youpassed.student_exams (student_id, exam_id, mark) VALUES (461, 1, 121);
INSERT INTO youpassed.student_exams (student_id, exam_id, mark) VALUES (461, 2, 154);
INSERT INTO youpassed.student_exams (student_id, exam_id, mark) VALUES (461, 3, 0);
INSERT INTO youpassed.student_exams (student_id, exam_id, mark) VALUES (461, 4, 175);
INSERT INTO youpassed.student_exams (student_id, exam_id, mark) VALUES (461, 5, 0);
INSERT INTO youpassed.student_exams (student_id, exam_id, mark) VALUES (461, 6, 121);
INSERT INTO youpassed.student_exams (student_id, exam_id, mark) VALUES (461, 7, 175);
INSERT INTO youpassed.student_exams (student_id, exam_id, mark) VALUES (461, 8, 0);
INSERT INTO youpassed.student_exams (student_id, exam_id, mark) VALUES (461, 9, 121);
INSERT INTO youpassed.student_exams (student_id, exam_id, mark) VALUES (462, 1, 0);
INSERT INTO youpassed.student_exams (student_id, exam_id, mark) VALUES (462, 2, 121);
INSERT INTO youpassed.student_exams (student_id, exam_id, mark) VALUES (462, 3, 175);
INSERT INTO youpassed.student_exams (student_id, exam_id, mark) VALUES (462, 4, 175);
INSERT INTO youpassed.student_exams (student_id, exam_id, mark) VALUES (462, 5, 0);
INSERT INTO youpassed.student_exams (student_id, exam_id, mark) VALUES (462, 6, 0);
INSERT INTO youpassed.student_exams (student_id, exam_id, mark) VALUES (462, 7, 154);
INSERT INTO youpassed.student_exams (student_id, exam_id, mark) VALUES (462, 8, 175);
INSERT INTO youpassed.student_exams (student_id, exam_id, mark) VALUES (462, 9, 0);
INSERT INTO youpassed.student_exams (student_id, exam_id, mark) VALUES (463, 1, 175);
INSERT INTO youpassed.student_exams (student_id, exam_id, mark) VALUES (463, 2, 121);
INSERT INTO youpassed.student_exams (student_id, exam_id, mark) VALUES (463, 3, 0);
INSERT INTO youpassed.student_exams (student_id, exam_id, mark) VALUES (463, 4, 154);
INSERT INTO youpassed.student_exams (student_id, exam_id, mark) VALUES (463, 5, 175);
INSERT INTO youpassed.student_exams (student_id, exam_id, mark) VALUES (463, 6, 0);
INSERT INTO youpassed.student_exams (student_id, exam_id, mark) VALUES (463, 7, 147);
INSERT INTO youpassed.student_exams (student_id, exam_id, mark) VALUES (463, 8, 147);
INSERT INTO youpassed.student_exams (student_id, exam_id, mark) VALUES (463, 9, 147);
INSERT INTO youpassed.student_exams (student_id, exam_id, mark) VALUES (464, 1, 154);
INSERT INTO youpassed.student_exams (student_id, exam_id, mark) VALUES (464, 2, 0);
INSERT INTO youpassed.student_exams (student_id, exam_id, mark) VALUES (464, 3, 190);
INSERT INTO youpassed.student_exams (student_id, exam_id, mark) VALUES (464, 4, 111);
INSERT INTO youpassed.student_exams (student_id, exam_id, mark) VALUES (464, 5, 147);
INSERT INTO youpassed.student_exams (student_id, exam_id, mark) VALUES (464, 6, 0);
INSERT INTO youpassed.student_exams (student_id, exam_id, mark) VALUES (464, 7, 111);
INSERT INTO youpassed.student_exams (student_id, exam_id, mark) VALUES (464, 8, 0);
INSERT INTO youpassed.student_exams (student_id, exam_id, mark) VALUES (464, 9, 147);
INSERT INTO youpassed.student_exams (student_id, exam_id, mark) VALUES (465, 1, 0);
INSERT INTO youpassed.student_exams (student_id, exam_id, mark) VALUES (465, 2, 111);
INSERT INTO youpassed.student_exams (student_id, exam_id, mark) VALUES (465, 3, 147);
INSERT INTO youpassed.student_exams (student_id, exam_id, mark) VALUES (465, 4, 111);
INSERT INTO youpassed.student_exams (student_id, exam_id, mark) VALUES (465, 5, 0);
INSERT INTO youpassed.student_exams (student_id, exam_id, mark) VALUES (465, 6, 190);
INSERT INTO youpassed.student_exams (student_id, exam_id, mark) VALUES (465, 7, 0);
INSERT INTO youpassed.student_exams (student_id, exam_id, mark) VALUES (465, 8, 0);
INSERT INTO youpassed.student_exams (student_id, exam_id, mark) VALUES (465, 9, 154);
INSERT INTO youpassed.student_exams (student_id, exam_id, mark) VALUES (466, 1, 0);
INSERT INTO youpassed.student_exams (student_id, exam_id, mark) VALUES (466, 2, 154);
INSERT INTO youpassed.student_exams (student_id, exam_id, mark) VALUES (466, 3, 0);
INSERT INTO youpassed.student_exams (student_id, exam_id, mark) VALUES (466, 4, 190);
INSERT INTO youpassed.student_exams (student_id, exam_id, mark) VALUES (466, 5, 111);
INSERT INTO youpassed.student_exams (student_id, exam_id, mark) VALUES (466, 6, 0);
INSERT INTO youpassed.student_exams (student_id, exam_id, mark) VALUES (466, 7, 190);
INSERT INTO youpassed.student_exams (student_id, exam_id, mark) VALUES (466, 8, 175);
INSERT INTO youpassed.student_exams (student_id, exam_id, mark) VALUES (466, 9, 0);
INSERT INTO youpassed.student_exams (student_id, exam_id, mark) VALUES (467, 1, 111);
INSERT INTO youpassed.student_exams (student_id, exam_id, mark) VALUES (467, 2, 190);
INSERT INTO youpassed.student_exams (student_id, exam_id, mark) VALUES (467, 3, 0);
INSERT INTO youpassed.student_exams (student_id, exam_id, mark) VALUES (467, 4, 154);
INSERT INTO youpassed.student_exams (student_id, exam_id, mark) VALUES (467, 5, 0);
INSERT INTO youpassed.student_exams (student_id, exam_id, mark) VALUES (467, 6, 111);
INSERT INTO youpassed.student_exams (student_id, exam_id, mark) VALUES (467, 7, 154);
INSERT INTO youpassed.student_exams (student_id, exam_id, mark) VALUES (467, 8, 0);
INSERT INTO youpassed.student_exams (student_id, exam_id, mark) VALUES (467, 9, 147);
INSERT INTO youpassed.student_exams (student_id, exam_id, mark) VALUES (468, 1, 147);
INSERT INTO youpassed.student_exams (student_id, exam_id, mark) VALUES (468, 2, 0);
INSERT INTO youpassed.student_exams (student_id, exam_id, mark) VALUES (468, 3, 0);
INSERT INTO youpassed.student_exams (student_id, exam_id, mark) VALUES (468, 4, 111);
INSERT INTO youpassed.student_exams (student_id, exam_id, mark) VALUES (468, 5, 0);
INSERT INTO youpassed.student_exams (student_id, exam_id, mark) VALUES (468, 6, 154);
INSERT INTO youpassed.student_exams (student_id, exam_id, mark) VALUES (468, 7, 111);
INSERT INTO youpassed.student_exams (student_id, exam_id, mark) VALUES (468, 8, 147);
INSERT INTO youpassed.student_exams (student_id, exam_id, mark) VALUES (468, 9, 154);
INSERT INTO youpassed.student_exams (student_id, exam_id, mark) VALUES (469, 1, 181);
INSERT INTO youpassed.student_exams (student_id, exam_id, mark) VALUES (469, 2, 111);
INSERT INTO youpassed.student_exams (student_id, exam_id, mark) VALUES (469, 3, 154);
INSERT INTO youpassed.student_exams (student_id, exam_id, mark) VALUES (469, 4, 190);
INSERT INTO youpassed.student_exams (student_id, exam_id, mark) VALUES (469, 5, 0);
INSERT INTO youpassed.student_exams (student_id, exam_id, mark) VALUES (469, 6, 147);
INSERT INTO youpassed.student_exams (student_id, exam_id, mark) VALUES (469, 7, 111);
INSERT INTO youpassed.student_exams (student_id, exam_id, mark) VALUES (469, 8, 181);
INSERT INTO youpassed.student_exams (student_id, exam_id, mark) VALUES (469, 9, 154);
INSERT INTO youpassed.student_exams (student_id, exam_id, mark) VALUES (470, 1, 111);
INSERT INTO youpassed.student_exams (student_id, exam_id, mark) VALUES (470, 2, 0);
INSERT INTO youpassed.student_exams (student_id, exam_id, mark) VALUES (470, 3, 111);
INSERT INTO youpassed.student_exams (student_id, exam_id, mark) VALUES (470, 4, 181);
INSERT INTO youpassed.student_exams (student_id, exam_id, mark) VALUES (470, 5, 111);
INSERT INTO youpassed.student_exams (student_id, exam_id, mark) VALUES (470, 6, 154);
INSERT INTO youpassed.student_exams (student_id, exam_id, mark) VALUES (470, 7, 147);
INSERT INTO youpassed.student_exams (student_id, exam_id, mark) VALUES (470, 8, 111);
INSERT INTO youpassed.student_exams (student_id, exam_id, mark) VALUES (470, 9, 181);
INSERT INTO youpassed.student_exams (student_id, exam_id, mark) VALUES (471, 1, 154);
INSERT INTO youpassed.student_exams (student_id, exam_id, mark) VALUES (471, 2, 111);
INSERT INTO youpassed.student_exams (student_id, exam_id, mark) VALUES (471, 3, 190);
INSERT INTO youpassed.student_exams (student_id, exam_id, mark) VALUES (471, 4, 0);
INSERT INTO youpassed.student_exams (student_id, exam_id, mark) VALUES (471, 5, 154);
INSERT INTO youpassed.student_exams (student_id, exam_id, mark) VALUES (471, 6, 133);
INSERT INTO youpassed.student_exams (student_id, exam_id, mark) VALUES (471, 7, 0);
INSERT INTO youpassed.student_exams (student_id, exam_id, mark) VALUES (471, 8, 111);
INSERT INTO youpassed.student_exams (student_id, exam_id, mark) VALUES (471, 9, 133);
INSERT INTO youpassed.student_exams (student_id, exam_id, mark) VALUES (472, 1, 0);
INSERT INTO youpassed.student_exams (student_id, exam_id, mark) VALUES (472, 2, 0);
INSERT INTO youpassed.student_exams (student_id, exam_id, mark) VALUES (472, 3, 133);
INSERT INTO youpassed.student_exams (student_id, exam_id, mark) VALUES (472, 4, 0);
INSERT INTO youpassed.student_exams (student_id, exam_id, mark) VALUES (472, 5, 0);
INSERT INTO youpassed.student_exams (student_id, exam_id, mark) VALUES (472, 6, 175);
INSERT INTO youpassed.student_exams (student_id, exam_id, mark) VALUES (472, 7, 147);
INSERT INTO youpassed.student_exams (student_id, exam_id, mark) VALUES (472, 8, 133);
INSERT INTO youpassed.student_exams (student_id, exam_id, mark) VALUES (472, 9, 0);
INSERT INTO youpassed.student_exams (student_id, exam_id, mark) VALUES (473, 1, 154);
INSERT INTO youpassed.student_exams (student_id, exam_id, mark) VALUES (473, 2, 133);
INSERT INTO youpassed.student_exams (student_id, exam_id, mark) VALUES (473, 3, 0);
INSERT INTO youpassed.student_exams (student_id, exam_id, mark) VALUES (473, 4, 154);
INSERT INTO youpassed.student_exams (student_id, exam_id, mark) VALUES (473, 5, 133);
INSERT INTO youpassed.student_exams (student_id, exam_id, mark) VALUES (473, 6, 0);
INSERT INTO youpassed.student_exams (student_id, exam_id, mark) VALUES (473, 7, 147);
INSERT INTO youpassed.student_exams (student_id, exam_id, mark) VALUES (473, 8, 0);
INSERT INTO youpassed.student_exams (student_id, exam_id, mark) VALUES (473, 9, 154);
INSERT INTO youpassed.student_exams (student_id, exam_id, mark) VALUES (474, 1, 0);
INSERT INTO youpassed.student_exams (student_id, exam_id, mark) VALUES (474, 2, 175);
INSERT INTO youpassed.student_exams (student_id, exam_id, mark) VALUES (474, 3, 133);
INSERT INTO youpassed.student_exams (student_id, exam_id, mark) VALUES (474, 4, 0);
INSERT INTO youpassed.student_exams (student_id, exam_id, mark) VALUES (474, 6, 147);
INSERT INTO youpassed.student_exams (student_id, exam_id, mark) VALUES (474, 7, 116);
INSERT INTO youpassed.student_exams (student_id, exam_id, mark) VALUES (474, 8, 175);
INSERT INTO youpassed.student_exams (student_id, exam_id, mark) VALUES (474, 9, 200);
INSERT INTO youpassed.student_exams (student_id, exam_id, mark) VALUES (475, 1, 154);
INSERT INTO youpassed.student_exams (student_id, exam_id, mark) VALUES (475, 2, 199);
INSERT INTO youpassed.student_exams (student_id, exam_id, mark) VALUES (475, 3, 147);
INSERT INTO youpassed.student_exams (student_id, exam_id, mark) VALUES (475, 4, 133);
INSERT INTO youpassed.student_exams (student_id, exam_id, mark) VALUES (475, 6, 154);
INSERT INTO youpassed.student_exams (student_id, exam_id, mark) VALUES (475, 7, 159);
INSERT INTO youpassed.student_exams (student_id, exam_id, mark) VALUES (475, 8, 175);
INSERT INTO youpassed.student_exams (student_id, exam_id, mark) VALUES (475, 9, 121);
INSERT INTO youpassed.student_exams (student_id, exam_id, mark) VALUES (476, 1, 107);
INSERT INTO youpassed.student_exams (student_id, exam_id, mark) VALUES (476, 2, 147);
INSERT INTO youpassed.student_exams (student_id, exam_id, mark) VALUES (476, 3, 136);
INSERT INTO youpassed.student_exams (student_id, exam_id, mark) VALUES (476, 4, 175);
INSERT INTO youpassed.student_exams (student_id, exam_id, mark) VALUES (476, 6, 180);
INSERT INTO youpassed.student_exams (student_id, exam_id, mark) VALUES (476, 7, 121);
INSERT INTO youpassed.student_exams (student_id, exam_id, mark) VALUES (476, 8, 147);
INSERT INTO youpassed.student_exams (student_id, exam_id, mark) VALUES (476, 9, 0);
INSERT INTO youpassed.student_exams (student_id, exam_id, mark) VALUES (477, 1, 175);
INSERT INTO youpassed.student_exams (student_id, exam_id, mark) VALUES (477, 2, 154);
INSERT INTO youpassed.student_exams (student_id, exam_id, mark) VALUES (477, 3, 107);
INSERT INTO youpassed.student_exams (student_id, exam_id, mark) VALUES (477, 4, 121);
INSERT INTO youpassed.student_exams (student_id, exam_id, mark) VALUES (477, 6, 147);
INSERT INTO youpassed.student_exams (student_id, exam_id, mark) VALUES (477, 7, 0);
INSERT INTO youpassed.student_exams (student_id, exam_id, mark) VALUES (477, 8, 175);
INSERT INTO youpassed.student_exams (student_id, exam_id, mark) VALUES (477, 9, 154);
INSERT INTO youpassed.student_exams (student_id, exam_id, mark) VALUES (478, 1, 0);
INSERT INTO youpassed.student_exams (student_id, exam_id, mark) VALUES (478, 2, 0);
INSERT INTO youpassed.student_exams (student_id, exam_id, mark) VALUES (478, 3, 147);
INSERT INTO youpassed.student_exams (student_id, exam_id, mark) VALUES (478, 4, 0);
INSERT INTO youpassed.student_exams (student_id, exam_id, mark) VALUES (478, 6, 154);
INSERT INTO youpassed.student_exams (student_id, exam_id, mark) VALUES (478, 7, 0);
INSERT INTO youpassed.student_exams (student_id, exam_id, mark) VALUES (478, 8, 121);
INSERT INTO youpassed.student_exams (student_id, exam_id, mark) VALUES (478, 9, 181);
INSERT INTO youpassed.student_exams (student_id, exam_id, mark) VALUES (479, 1, 147);
INSERT INTO youpassed.student_exams (student_id, exam_id, mark) VALUES (479, 2, 0);
INSERT INTO youpassed.student_exams (student_id, exam_id, mark) VALUES (479, 3, 121);
INSERT INTO youpassed.student_exams (student_id, exam_id, mark) VALUES (479, 4, 0);
INSERT INTO youpassed.student_exams (student_id, exam_id, mark) VALUES (479, 6, 147);
INSERT INTO youpassed.student_exams (student_id, exam_id, mark) VALUES (479, 7, 181);
INSERT INTO youpassed.student_exams (student_id, exam_id, mark) VALUES (479, 8, 121);
INSERT INTO youpassed.student_exams (student_id, exam_id, mark) VALUES (479, 9, 154);
INSERT INTO youpassed.student_exams (student_id, exam_id, mark) VALUES (480, 1, 121);
INSERT INTO youpassed.student_exams (student_id, exam_id, mark) VALUES (480, 2, 0);
INSERT INTO youpassed.student_exams (student_id, exam_id, mark) VALUES (480, 3, 147);
INSERT INTO youpassed.student_exams (student_id, exam_id, mark) VALUES (480, 4, 0);
INSERT INTO youpassed.student_exams (student_id, exam_id, mark) VALUES (480, 6, 121);
INSERT INTO youpassed.student_exams (student_id, exam_id, mark) VALUES (480, 7, 154);
INSERT INTO youpassed.student_exams (student_id, exam_id, mark) VALUES (480, 8, 181);
INSERT INTO youpassed.student_exams (student_id, exam_id, mark) VALUES (480, 9, 147);
INSERT INTO youpassed.student_exams (student_id, exam_id, mark) VALUES (481, 1, 0);
INSERT INTO youpassed.student_exams (student_id, exam_id, mark) VALUES (481, 2, 121);
INSERT INTO youpassed.student_exams (student_id, exam_id, mark) VALUES (481, 3, 154);
INSERT INTO youpassed.student_exams (student_id, exam_id, mark) VALUES (481, 4, 181);
INSERT INTO youpassed.student_exams (student_id, exam_id, mark) VALUES (481, 6, 147);
INSERT INTO youpassed.student_exams (student_id, exam_id, mark) VALUES (481, 7, 0);
INSERT INTO youpassed.student_exams (student_id, exam_id, mark) VALUES (481, 8, 154);
INSERT INTO youpassed.student_exams (student_id, exam_id, mark) VALUES (481, 9, 147);
INSERT INTO youpassed.student_exams (student_id, exam_id, mark) VALUES (482, 1, 116);
INSERT INTO youpassed.student_exams (student_id, exam_id, mark) VALUES (483, 2, 175);
INSERT INTO youpassed.student_exams (student_id, exam_id, mark) VALUES (484, 3, 200);
INSERT INTO youpassed.student_exams (student_id, exam_id, mark) VALUES (485, 4, 154);
INSERT INTO youpassed.student_exams (student_id, exam_id, mark) VALUES (486, 6, 199);
INSERT INTO youpassed.student_exams (student_id, exam_id, mark) VALUES (487, 7, 147);
INSERT INTO youpassed.student_exams (student_id, exam_id, mark) VALUES (488, 8, 133);
INSERT INTO youpassed.student_exams (student_id, exam_id, mark) VALUES (489, 9, 154);
INSERT INTO youpassed.student_exams (student_id, exam_id, mark) VALUES (490, 1, 159);
INSERT INTO youpassed.student_exams (student_id, exam_id, mark) VALUES (491, 2, 175);
INSERT INTO youpassed.student_exams (student_id, exam_id, mark) VALUES (492, 3, 121);
INSERT INTO youpassed.student_exams (student_id, exam_id, mark) VALUES (493, 4, 107);
INSERT INTO youpassed.student_exams (student_id, exam_id, mark) VALUES (494, 6, 147);
INSERT INTO youpassed.student_exams (student_id, exam_id, mark) VALUES (495, 7, 136);
INSERT INTO youpassed.student_exams (student_id, exam_id, mark) VALUES (496, 8, 175);
INSERT INTO youpassed.student_exams (student_id, exam_id, mark) VALUES (497, 9, 180);
INSERT INTO youpassed.student_exams (student_id, exam_id, mark) VALUES (498, 1, 121);
INSERT INTO youpassed.student_exams (student_id, exam_id, mark) VALUES (499, 2, 147);
INSERT INTO youpassed.student_exams (student_id, exam_id, mark) VALUES (500, 3, 0);
INSERT INTO youpassed.student_exams (student_id, exam_id, mark) VALUES (501, 4, 0);
INSERT INTO youpassed.student_exams (student_id, exam_id, mark) VALUES (502, 6, 0);
INSERT INTO youpassed.student_exams (student_id, exam_id, mark) VALUES (503, 7, 0);
INSERT INTO youpassed.student_exams (student_id, exam_id, mark) VALUES (504, 8, 0);
INSERT INTO youpassed.student_exams (student_id, exam_id, mark) VALUES (505, 9, 0);
INSERT INTO youpassed.student_exams (student_id, exam_id, mark) VALUES (506, 1, 147);
INSERT INTO youpassed.student_exams (student_id, exam_id, mark) VALUES (507, 2, 116);
INSERT INTO youpassed.student_exams (student_id, exam_id, mark) VALUES (508, 3, 175);
INSERT INTO youpassed.student_exams (student_id, exam_id, mark) VALUES (509, 4, 200);
INSERT INTO youpassed.student_exams (student_id, exam_id, mark) VALUES (510, 6, 154);
INSERT INTO youpassed.student_exams (student_id, exam_id, mark) VALUES (511, 7, 199);
INSERT INTO youpassed.student_exams (student_id, exam_id, mark) VALUES (512, 8, 147);
INSERT INTO youpassed.student_exams (student_id, exam_id, mark) VALUES (513, 9, 133);
INSERT INTO youpassed.student_exams (student_id, exam_id, mark) VALUES (514, 1, 154);
INSERT INTO youpassed.student_exams (student_id, exam_id, mark) VALUES (515, 2, 159);
INSERT INTO youpassed.student_exams (student_id, exam_id, mark) VALUES (516, 3, 175);
INSERT INTO youpassed.student_exams (student_id, exam_id, mark) VALUES (517, 4, 121);
INSERT INTO youpassed.student_exams (student_id, exam_id, mark) VALUES (518, 6, 107);
INSERT INTO youpassed.student_exams (student_id, exam_id, mark) VALUES (519, 7, 147);
INSERT INTO youpassed.student_exams (student_id, exam_id, mark) VALUES (520, 8, 136);
INSERT INTO youpassed.student_exams (student_id, exam_id, mark) VALUES (521, 9, 175);
INSERT INTO youpassed.student_exams (student_id, exam_id, mark) VALUES (522, 1, 180);
INSERT INTO youpassed.student_exams (student_id, exam_id, mark) VALUES (523, 2, 121);
INSERT INTO youpassed.student_exams (student_id, exam_id, mark) VALUES (524, 3, 147);
INSERT INTO youpassed.student_exams (student_id, exam_id, mark) VALUES (525, 4, 0);
INSERT INTO youpassed.student_exams (student_id, exam_id, mark) VALUES (526, 6, 0);
INSERT INTO youpassed.student_exams (student_id, exam_id, mark) VALUES (527, 7, 0);
INSERT INTO youpassed.student_exams (student_id, exam_id, mark) VALUES (528, 8, 0);
INSERT INTO youpassed.student_exams (student_id, exam_id, mark) VALUES (529, 9, 0);
INSERT INTO youpassed.student_exams (student_id, exam_id, mark) VALUES (530, 1, 147);
INSERT INTO youpassed.student_exams (student_id, exam_id, mark) VALUES (531, 2, 116);
INSERT INTO youpassed.student_exams (student_id, exam_id, mark) VALUES (532, 3, 175);
INSERT INTO youpassed.student_exams (student_id, exam_id, mark) VALUES (533, 4, 200);
INSERT INTO youpassed.student_exams (student_id, exam_id, mark) VALUES (534, 6, 154);
INSERT INTO youpassed.student_exams (student_id, exam_id, mark) VALUES (535, 7, 199);
INSERT INTO youpassed.student_exams (student_id, exam_id, mark) VALUES (536, 8, 147);
INSERT INTO youpassed.student_exams (student_id, exam_id, mark) VALUES (537, 9, 133);
INSERT INTO youpassed.student_exams (student_id, exam_id, mark) VALUES (538, 1, 154);
INSERT INTO youpassed.student_exams (student_id, exam_id, mark) VALUES (539, 2, 159);
INSERT INTO youpassed.student_exams (student_id, exam_id, mark) VALUES (540, 3, 175);
INSERT INTO youpassed.student_exams (student_id, exam_id, mark) VALUES (541, 4, 121);
INSERT INTO youpassed.student_exams (student_id, exam_id, mark) VALUES (542, 6, 107);
INSERT INTO youpassed.student_exams (student_id, exam_id, mark) VALUES (543, 7, 147);
INSERT INTO youpassed.student_exams (student_id, exam_id, mark) VALUES (561, 1, 158);
INSERT INTO youpassed.student_exams (student_id, exam_id, mark) VALUES (561, 2, 199);
INSERT INTO youpassed.student_exams (student_id, exam_id, mark) VALUES (561, 9, 200);
INSERT INTO youpassed.student_majors (student_id, major_id, you_passed) VALUES (1, 14, false);
INSERT INTO youpassed.student_majors (student_id, major_id, you_passed) VALUES (2, 2, false);
INSERT INTO youpassed.student_majors (student_id, major_id, you_passed) VALUES (2, 8, false);
INSERT INTO youpassed.student_majors (student_id, major_id, you_passed) VALUES (2, 14, false);
INSERT INTO youpassed.student_majors (student_id, major_id, you_passed) VALUES (3, 6, false);
INSERT INTO youpassed.student_majors (student_id, major_id, you_passed) VALUES (3, 8, false);
INSERT INTO youpassed.student_majors (student_id, major_id, you_passed) VALUES (3, 13, false);
INSERT INTO youpassed.student_majors (student_id, major_id, you_passed) VALUES (3, 15, false);
INSERT INTO youpassed.student_majors (student_id, major_id, you_passed) VALUES (4, 3, false);
INSERT INTO youpassed.student_majors (student_id, major_id, you_passed) VALUES (4, 6, false);
INSERT INTO youpassed.student_majors (student_id, major_id, you_passed) VALUES (4, 7, false);
INSERT INTO youpassed.student_majors (student_id, major_id, you_passed) VALUES (5, 1, false);
INSERT INTO youpassed.student_majors (student_id, major_id, you_passed) VALUES (5, 3, false);
INSERT INTO youpassed.student_majors (student_id, major_id, you_passed) VALUES (5, 6, false);
INSERT INTO youpassed.student_majors (student_id, major_id, you_passed) VALUES (6, 2, false);
INSERT INTO youpassed.student_majors (student_id, major_id, you_passed) VALUES (6, 5, false);
INSERT INTO youpassed.student_majors (student_id, major_id, you_passed) VALUES (6, 9, false);
INSERT INTO youpassed.student_majors (student_id, major_id, you_passed) VALUES (7, 2, false);
INSERT INTO youpassed.student_majors (student_id, major_id, you_passed) VALUES (7, 4, false);
INSERT INTO youpassed.student_majors (student_id, major_id, you_passed) VALUES (7, 6, false);
INSERT INTO youpassed.student_majors (student_id, major_id, you_passed) VALUES (8, 3, false);
INSERT INTO youpassed.student_majors (student_id, major_id, you_passed) VALUES (8, 5, false);
INSERT INTO youpassed.student_majors (student_id, major_id, you_passed) VALUES (8, 7, false);
INSERT INTO youpassed.student_majors (student_id, major_id, you_passed) VALUES (9, 3, false);
INSERT INTO youpassed.student_majors (student_id, major_id, you_passed) VALUES (9, 5, false);
INSERT INTO youpassed.student_majors (student_id, major_id, you_passed) VALUES (9, 6, false);
INSERT INTO youpassed.student_majors (student_id, major_id, you_passed) VALUES (9, 7, false);
INSERT INTO youpassed.student_majors (student_id, major_id, you_passed) VALUES (9, 8, false);
INSERT INTO youpassed.student_majors (student_id, major_id, you_passed) VALUES (9, 9, false);
INSERT INTO youpassed.student_majors (student_id, major_id, you_passed) VALUES (9, 10, false);
INSERT INTO youpassed.student_majors (student_id, major_id, you_passed) VALUES (9, 11, false);
INSERT INTO youpassed.student_majors (student_id, major_id, you_passed) VALUES (9, 12, false);
INSERT INTO youpassed.student_majors (student_id, major_id, you_passed) VALUES (9, 13, false);
INSERT INTO youpassed.student_majors (student_id, major_id, you_passed) VALUES (9, 14, false);
INSERT INTO youpassed.student_majors (student_id, major_id, you_passed) VALUES (9, 15, false);
INSERT INTO youpassed.student_majors (student_id, major_id, you_passed) VALUES (10, 5, false);
INSERT INTO youpassed.student_majors (student_id, major_id, you_passed) VALUES (10, 6, false);
INSERT INTO youpassed.student_majors (student_id, major_id, you_passed) VALUES (10, 7, false);
INSERT INTO youpassed.student_majors (student_id, major_id, you_passed) VALUES (10, 8, false);
INSERT INTO youpassed.student_majors (student_id, major_id, you_passed) VALUES (11, 1, false);
INSERT INTO youpassed.student_majors (student_id, major_id, you_passed) VALUES (11, 2, false);
INSERT INTO youpassed.student_majors (student_id, major_id, you_passed) VALUES (11, 9, false);
INSERT INTO youpassed.student_majors (student_id, major_id, you_passed) VALUES (11, 10, false);
INSERT INTO youpassed.student_majors (student_id, major_id, you_passed) VALUES (12, 3, false);
INSERT INTO youpassed.student_majors (student_id, major_id, you_passed) VALUES (12, 4, false);
INSERT INTO youpassed.student_majors (student_id, major_id, you_passed) VALUES (12, 5, false);
INSERT INTO youpassed.student_majors (student_id, major_id, you_passed) VALUES (13, 6, false);
INSERT INTO youpassed.student_majors (student_id, major_id, you_passed) VALUES (13, 7, false);
INSERT INTO youpassed.student_majors (student_id, major_id, you_passed) VALUES (14, 8, false);
INSERT INTO youpassed.student_majors (student_id, major_id, you_passed) VALUES (15, 1, false);
INSERT INTO youpassed.student_majors (student_id, major_id, you_passed) VALUES (15, 11, false);
INSERT INTO youpassed.student_majors (student_id, major_id, you_passed) VALUES (15, 15, false);
INSERT INTO youpassed.student_majors (student_id, major_id, you_passed) VALUES (461, 1, false);
INSERT INTO youpassed.student_majors (student_id, major_id, you_passed) VALUES (461, 5, false);
INSERT INTO youpassed.student_majors (student_id, major_id, you_passed) VALUES (461, 8, false);
INSERT INTO youpassed.student_majors (student_id, major_id, you_passed) VALUES (461, 9, false);
INSERT INTO youpassed.student_majors (student_id, major_id, you_passed) VALUES (461, 15, false);
INSERT INTO youpassed.student_majors (student_id, major_id, you_passed) VALUES (462, 2, false);
INSERT INTO youpassed.student_majors (student_id, major_id, you_passed) VALUES (462, 3, false);
INSERT INTO youpassed.student_majors (student_id, major_id, you_passed) VALUES (462, 11, false);
INSERT INTO youpassed.student_majors (student_id, major_id, you_passed) VALUES (462, 14, false);
INSERT INTO youpassed.student_majors (student_id, major_id, you_passed) VALUES (463, 4, false);
INSERT INTO youpassed.student_majors (student_id, major_id, you_passed) VALUES (463, 6, false);
INSERT INTO youpassed.student_majors (student_id, major_id, you_passed) VALUES (463, 10, false);
INSERT INTO youpassed.student_majors (student_id, major_id, you_passed) VALUES (463, 13, false);
INSERT INTO youpassed.student_majors (student_id, major_id, you_passed) VALUES (464, 7, false);
INSERT INTO youpassed.student_majors (student_id, major_id, you_passed) VALUES (464, 12, false);
INSERT INTO youpassed.student_majors (student_id, major_id, you_passed) VALUES (465, 1, false);
INSERT INTO youpassed.student_majors (student_id, major_id, you_passed) VALUES (465, 8, false);
INSERT INTO youpassed.student_majors (student_id, major_id, you_passed) VALUES (465, 12, false);
INSERT INTO youpassed.student_majors (student_id, major_id, you_passed) VALUES (465, 15, false);
INSERT INTO youpassed.student_majors (student_id, major_id, you_passed) VALUES (466, 2, false);
INSERT INTO youpassed.student_majors (student_id, major_id, you_passed) VALUES (466, 4, false);
INSERT INTO youpassed.student_majors (student_id, major_id, you_passed) VALUES (466, 6, false);
INSERT INTO youpassed.student_majors (student_id, major_id, you_passed) VALUES (466, 11, false);
INSERT INTO youpassed.student_majors (student_id, major_id, you_passed) VALUES (467, 3, false);
INSERT INTO youpassed.student_majors (student_id, major_id, you_passed) VALUES (467, 5, false);
INSERT INTO youpassed.student_majors (student_id, major_id, you_passed) VALUES (467, 7, false);
INSERT INTO youpassed.student_majors (student_id, major_id, you_passed) VALUES (467, 9, false);
INSERT INTO youpassed.student_majors (student_id, major_id, you_passed) VALUES (468, 10, false);
INSERT INTO youpassed.student_majors (student_id, major_id, you_passed) VALUES (468, 13, false);
INSERT INTO youpassed.student_majors (student_id, major_id, you_passed) VALUES (468, 14, false);
INSERT INTO youpassed.student_majors (student_id, major_id, you_passed) VALUES (469, 1, false);
INSERT INTO youpassed.student_majors (student_id, major_id, you_passed) VALUES (469, 7, false);
INSERT INTO youpassed.student_majors (student_id, major_id, you_passed) VALUES (469, 11, false);
INSERT INTO youpassed.student_majors (student_id, major_id, you_passed) VALUES (469, 15, false);
INSERT INTO youpassed.student_majors (student_id, major_id, you_passed) VALUES (470, 2, false);
INSERT INTO youpassed.student_majors (student_id, major_id, you_passed) VALUES (470, 6, false);
INSERT INTO youpassed.student_majors (student_id, major_id, you_passed) VALUES (470, 12, false);
INSERT INTO youpassed.student_majors (student_id, major_id, you_passed) VALUES (471, 3, false);
INSERT INTO youpassed.student_majors (student_id, major_id, you_passed) VALUES (471, 8, false);
INSERT INTO youpassed.student_majors (student_id, major_id, you_passed) VALUES (471, 13, false);
INSERT INTO youpassed.student_majors (student_id, major_id, you_passed) VALUES (472, 4, false);
INSERT INTO youpassed.student_majors (student_id, major_id, you_passed) VALUES (472, 5, false);
INSERT INTO youpassed.student_majors (student_id, major_id, you_passed) VALUES (472, 9, false);
INSERT INTO youpassed.student_majors (student_id, major_id, you_passed) VALUES (472, 10, false);
INSERT INTO youpassed.student_majors (student_id, major_id, you_passed) VALUES (473, 14, false);
INSERT INTO youpassed.student_majors (student_id, major_id, you_passed) VALUES (474, 1, false);
INSERT INTO youpassed.student_majors (student_id, major_id, you_passed) VALUES (474, 4, false);
INSERT INTO youpassed.student_majors (student_id, major_id, you_passed) VALUES (474, 7, false);
INSERT INTO youpassed.student_majors (student_id, major_id, you_passed) VALUES (474, 14, false);
INSERT INTO youpassed.student_majors (student_id, major_id, you_passed) VALUES (475, 6, false);
INSERT INTO youpassed.student_majors (student_id, major_id, you_passed) VALUES (475, 11, false);
INSERT INTO youpassed.student_majors (student_id, major_id, you_passed) VALUES (475, 12, false);
INSERT INTO youpassed.student_majors (student_id, major_id, you_passed) VALUES (475, 15, false);
INSERT INTO youpassed.student_majors (student_id, major_id, you_passed) VALUES (476, 2, false);
INSERT INTO youpassed.student_majors (student_id, major_id, you_passed) VALUES (476, 5, false);
INSERT INTO youpassed.student_majors (student_id, major_id, you_passed) VALUES (476, 9, false);
INSERT INTO youpassed.student_majors (student_id, major_id, you_passed) VALUES (477, 3, false);
INSERT INTO youpassed.student_majors (student_id, major_id, you_passed) VALUES (477, 8, false);
INSERT INTO youpassed.student_majors (student_id, major_id, you_passed) VALUES (477, 10, false);
INSERT INTO youpassed.student_majors (student_id, major_id, you_passed) VALUES (478, 1, false);
INSERT INTO youpassed.student_majors (student_id, major_id, you_passed) VALUES (478, 4, false);
INSERT INTO youpassed.student_majors (student_id, major_id, you_passed) VALUES (478, 13, false);
INSERT INTO youpassed.student_majors (student_id, major_id, you_passed) VALUES (479, 2, false);
INSERT INTO youpassed.student_majors (student_id, major_id, you_passed) VALUES (479, 3, false);
INSERT INTO youpassed.student_majors (student_id, major_id, you_passed) VALUES (479, 5, false);
INSERT INTO youpassed.student_majors (student_id, major_id, you_passed) VALUES (480, 6, false);
INSERT INTO youpassed.student_majors (student_id, major_id, you_passed) VALUES (480, 7, false);
INSERT INTO youpassed.student_majors (student_id, major_id, you_passed) VALUES (480, 9, false);
INSERT INTO youpassed.student_majors (student_id, major_id, you_passed) VALUES (480, 11, false);
INSERT INTO youpassed.student_majors (student_id, major_id, you_passed) VALUES (481, 8, false);
INSERT INTO youpassed.student_majors (student_id, major_id, you_passed) VALUES (481, 10, false);
INSERT INTO youpassed.student_majors (student_id, major_id, you_passed) VALUES (481, 12, false);
INSERT INTO youpassed.student_majors (student_id, major_id, you_passed) VALUES (481, 13, false);
INSERT INTO youpassed.student_majors (student_id, major_id, you_passed) VALUES (481, 14, false);
INSERT INTO youpassed.student_majors (student_id, major_id, you_passed) VALUES (481, 15, false);
INSERT INTO youpassed.student_majors (student_id, major_id, you_passed) VALUES (482, 1, false);
INSERT INTO youpassed.student_majors (student_id, major_id, you_passed) VALUES (483, 2, false);
INSERT INTO youpassed.student_majors (student_id, major_id, you_passed) VALUES (484, 3, false);
INSERT INTO youpassed.student_majors (student_id, major_id, you_passed) VALUES (485, 4, false);
INSERT INTO youpassed.student_majors (student_id, major_id, you_passed) VALUES (486, 5, false);
INSERT INTO youpassed.student_majors (student_id, major_id, you_passed) VALUES (487, 6, false);
INSERT INTO youpassed.student_majors (student_id, major_id, you_passed) VALUES (488, 7, false);
INSERT INTO youpassed.student_majors (student_id, major_id, you_passed) VALUES (489, 8, false);
INSERT INTO youpassed.student_majors (student_id, major_id, you_passed) VALUES (490, 9, false);
INSERT INTO youpassed.student_majors (student_id, major_id, you_passed) VALUES (491, 10, false);
INSERT INTO youpassed.student_majors (student_id, major_id, you_passed) VALUES (492, 11, false);
INSERT INTO youpassed.student_majors (student_id, major_id, you_passed) VALUES (493, 12, false);
INSERT INTO youpassed.student_majors (student_id, major_id, you_passed) VALUES (494, 13, false);
INSERT INTO youpassed.student_majors (student_id, major_id, you_passed) VALUES (495, 14, false);
INSERT INTO youpassed.student_majors (student_id, major_id, you_passed) VALUES (496, 15, false);
INSERT INTO youpassed.student_majors (student_id, major_id, you_passed) VALUES (497, 1, false);
INSERT INTO youpassed.student_majors (student_id, major_id, you_passed) VALUES (498, 2, false);
INSERT INTO youpassed.student_majors (student_id, major_id, you_passed) VALUES (499, 3, false);
INSERT INTO youpassed.student_majors (student_id, major_id, you_passed) VALUES (500, 4, false);
INSERT INTO youpassed.student_majors (student_id, major_id, you_passed) VALUES (501, 5, false);
INSERT INTO youpassed.student_majors (student_id, major_id, you_passed) VALUES (502, 6, false);
INSERT INTO youpassed.student_majors (student_id, major_id, you_passed) VALUES (503, 7, false);
INSERT INTO youpassed.student_majors (student_id, major_id, you_passed) VALUES (504, 8, false);
INSERT INTO youpassed.student_majors (student_id, major_id, you_passed) VALUES (505, 9, false);
INSERT INTO youpassed.student_majors (student_id, major_id, you_passed) VALUES (506, 10, false);
INSERT INTO youpassed.student_majors (student_id, major_id, you_passed) VALUES (507, 11, false);
INSERT INTO youpassed.student_majors (student_id, major_id, you_passed) VALUES (508, 12, false);
INSERT INTO youpassed.student_majors (student_id, major_id, you_passed) VALUES (509, 13, false);
INSERT INTO youpassed.student_majors (student_id, major_id, you_passed) VALUES (510, 14, false);
INSERT INTO youpassed.student_majors (student_id, major_id, you_passed) VALUES (511, 15, false);
INSERT INTO youpassed.student_majors (student_id, major_id, you_passed) VALUES (512, 1, false);
INSERT INTO youpassed.student_majors (student_id, major_id, you_passed) VALUES (513, 2, false);
INSERT INTO youpassed.student_majors (student_id, major_id, you_passed) VALUES (514, 3, false);
INSERT INTO youpassed.student_majors (student_id, major_id, you_passed) VALUES (515, 4, false);
INSERT INTO youpassed.student_majors (student_id, major_id, you_passed) VALUES (516, 5, false);
INSERT INTO youpassed.student_majors (student_id, major_id, you_passed) VALUES (517, 6, false);
INSERT INTO youpassed.student_majors (student_id, major_id, you_passed) VALUES (518, 7, false);
INSERT INTO youpassed.student_majors (student_id, major_id, you_passed) VALUES (519, 8, false);
INSERT INTO youpassed.student_majors (student_id, major_id, you_passed) VALUES (520, 9, false);
INSERT INTO youpassed.student_majors (student_id, major_id, you_passed) VALUES (521, 10, false);
INSERT INTO youpassed.student_majors (student_id, major_id, you_passed) VALUES (522, 11, false);
INSERT INTO youpassed.student_majors (student_id, major_id, you_passed) VALUES (523, 12, false);
INSERT INTO youpassed.student_majors (student_id, major_id, you_passed) VALUES (524, 13, false);
INSERT INTO youpassed.student_majors (student_id, major_id, you_passed) VALUES (525, 14, false);
INSERT INTO youpassed.student_majors (student_id, major_id, you_passed) VALUES (526, 15, false);
INSERT INTO youpassed.student_majors (student_id, major_id, you_passed) VALUES (527, 1, false);
INSERT INTO youpassed.student_majors (student_id, major_id, you_passed) VALUES (528, 2, false);
INSERT INTO youpassed.student_majors (student_id, major_id, you_passed) VALUES (529, 3, false);
INSERT INTO youpassed.student_majors (student_id, major_id, you_passed) VALUES (530, 4, false);
INSERT INTO youpassed.student_majors (student_id, major_id, you_passed) VALUES (531, 5, false);
INSERT INTO youpassed.student_majors (student_id, major_id, you_passed) VALUES (532, 6, false);
INSERT INTO youpassed.student_majors (student_id, major_id, you_passed) VALUES (533, 7, false);
INSERT INTO youpassed.student_majors (student_id, major_id, you_passed) VALUES (534, 8, false);
INSERT INTO youpassed.student_majors (student_id, major_id, you_passed) VALUES (535, 9, false);
INSERT INTO youpassed.student_majors (student_id, major_id, you_passed) VALUES (536, 10, false);
INSERT INTO youpassed.student_majors (student_id, major_id, you_passed) VALUES (537, 11, false);
INSERT INTO youpassed.student_majors (student_id, major_id, you_passed) VALUES (538, 12, false);
INSERT INTO youpassed.student_majors (student_id, major_id, you_passed) VALUES (539, 13, false);
INSERT INTO youpassed.student_majors (student_id, major_id, you_passed) VALUES (540, 14, false);
INSERT INTO youpassed.student_majors (student_id, major_id, you_passed) VALUES (541, 15, false);
INSERT INTO youpassed.student_majors (student_id, major_id, you_passed) VALUES (561, 5, false);
INSERT INTO youpassed.users (id, email, password, first_name, last_name, role) VALUES (0, 'god@godmail.god', '{bcrypt}$2a$10$fcXoy21cXX6Bv0xksJ/KnOQNI8XC/Z8ISRHCupfLVUQSCjGIxZWXG', 'God', 'God', 'ADMIN');
INSERT INTO youpassed.users (id, email, password, first_name, last_name, role) VALUES (1, 'pavlov@dog.com', '{bcrypt}$2a$10$fcXoy21cXX6Bv0xksJ/KnOQNI8XC/Z8ISRHCupfLVUQSCjGIxZWXG', 'Dog', 'Pavlov', 'STUDENT');
INSERT INTO youpassed.users (id, email, password, first_name, last_name, role) VALUES (2, 'potter@hogwarts.edu', '{bcrypt}$2a$10$fcXoy21cXX6Bv0xksJ/KnOQNI8XC/Z8ISRHCupfLVUQSCjGIxZWXG', 'Harry', 'Potter', 'STUDENT');
INSERT INTO youpassed.users (id, email, password, first_name, last_name, role) VALUES (3, 'nelokh@mail.ru', '{bcrypt}$2a$10$fcXoy21cXX6Bv0xksJ/KnOQNI8XC/Z8ISRHCupfLVUQSCjGIxZWXG', 'Ne', 'Lokh', 'STUDENT');
INSERT INTO youpassed.users (id, email, password, first_name, last_name, role) VALUES (4, 'nechuy@ukr.net', '{bcrypt}$2a$10$fcXoy21cXX6Bv0xksJ/KnOQNI8XC/Z8ISRHCupfLVUQSCjGIxZWXG', 'Ivan', 'Nechuy-Levytsky', 'STUDENT');
INSERT INTO youpassed.users (id, email, password, first_name, last_name, role) VALUES (5, 'macho1863@yahoo.com', '{bcrypt}$2a$10$fcXoy21cXX6Bv0xksJ/KnOQNI8XC/Z8ISRHCupfLVUQSCjGIxZWXG', 'Olha', 'Kobylianska', 'STUDENT');
INSERT INTO youpassed.users (id, email, password, first_name, last_name, role) VALUES (6, 'mascot@disney.com', '{bcrypt}$2a$10$fcXoy21cXX6Bv0xksJ/KnOQNI8XC/Z8ISRHCupfLVUQSCjGIxZWXG', 'Mickey', 'Mouse', 'STUDENT');
INSERT INTO youpassed.users (id, email, password, first_name, last_name, role) VALUES (7, 'billie@gmail.com', '{bcrypt}$2a$10$fcXoy21cXX6Bv0xksJ/KnOQNI8XC/Z8ISRHCupfLVUQSCjGIxZWXG', 'Billie', 'Holiday', 'STUDENT');
INSERT INTO youpassed.users (id, email, password, first_name, last_name, role) VALUES (8, 'count@transylmail.ro', '{bcrypt}$2a$10$fcXoy21cXX6Bv0xksJ/KnOQNI8XC/Z8ISRHCupfLVUQSCjGIxZWXG', 'Count', 'Dracula', 'STUDENT');
INSERT INTO youpassed.users (id, email, password, first_name, last_name, role) VALUES (9, 'beatles@royalmail.uk', '{bcrypt}$2a$10$fcXoy21cXX6Bv0xksJ/KnOQNI8XC/Z8ISRHCupfLVUQSCjGIxZWXG', 'Michelle', 'Mabelle', 'STUDENT');
INSERT INTO youpassed.users (id, email, password, first_name, last_name, role) VALUES (10, 'moviestar@cornhub.com', '{bcrypt}$2a$10$fcXoy21cXX6Bv0xksJ/KnOQNI8XC/Z8ISRHCupfLVUQSCjGIxZWXG', 'Sasha', 'Grey', 'STUDENT');
INSERT INTO youpassed.users (id, email, password, first_name, last_name, role) VALUES (11, 'tolia49@i.ua', '{bcrypt}$2a$10$fcXoy21cXX6Bv0xksJ/KnOQNI8XC/Z8ISRHCupfLVUQSCjGIxZWXG', 'Prodam', 'Samokat', 'STUDENT');
INSERT INTO youpassed.users (id, email, password, first_name, last_name, role) VALUES (12, 'heroyam@slava.ua', '{bcrypt}$2a$10$fcXoy21cXX6Bv0xksJ/KnOQNI8XC/Z8ISRHCupfLVUQSCjGIxZWXG', 'Stepan', 'Bandera', 'STUDENT');
INSERT INTO youpassed.users (id, email, password, first_name, last_name, role) VALUES (13, 'legalize@jamail.jah', '{bcrypt}$2a$10$fcXoy21cXX6Bv0xksJ/KnOQNI8XC/Z8ISRHCupfLVUQSCjGIxZWXG', 'Bob', 'Marley', 'STUDENT');
INSERT INTO youpassed.users (id, email, password, first_name, last_name, role) VALUES (14, 'virgin@paradise.org', '{bcrypt}$2a$10$fcXoy21cXX6Bv0xksJ/KnOQNI8XC/Z8ISRHCupfLVUQSCjGIxZWXG', 'Mary', 'Virgin', 'STUDENT');
INSERT INTO youpassed.users (id, email, password, first_name, last_name, role) VALUES (15, 'krevetko@seafood.org', '{bcrypt}$2a$10$fcXoy21cXX6Bv0xksJ/KnOQNI8XC/Z8ISRHCupfLVUQSCjGIxZWXG', 'Shrimp', 'Azovsky', 'ADMIN');
INSERT INTO youpassed.users (id, email, password, first_name, last_name, role) VALUES (16, 'labrat@ratline.sq', '{bcrypt}$2a$10$fcXoy21cXX6Bv0xksJ/KnOQNI8XC/Z8ISRHCupfLVUQSCjGIxZWXG', 'LabRat', 'Whitish', 'STUDENT');
INSERT INTO youpassed.users (id, email, password, first_name, last_name, role) VALUES (461, '0@email.yo', '{bcrypt}$2a$10$6w./fPpBAlAAKMcACGj6u.cEcT/330BB7KTxG5fajghW5T5JzpEHe', 'Bot0', 'Loopson', 'STUDENT');
INSERT INTO youpassed.users (id, email, password, first_name, last_name, role) VALUES (462, '1@email.yo', '{bcrypt}$2a$10$n.oYzkLOUd6Bo14p/xyiLunNRz9uUqLLmD077/6HqGY6llK182iSG', 'Bot1', 'Loopson', 'STUDENT');
INSERT INTO youpassed.users (id, email, password, first_name, last_name, role) VALUES (463, '2@email.yo', '{bcrypt}$2a$10$nbGjY5V8p5foj0p35w/nQ.ccPho21p7POqpUvGdGc01dKjWHpDTQC', 'Bot2', 'Loopson', 'STUDENT');
INSERT INTO youpassed.users (id, email, password, first_name, last_name, role) VALUES (464, '3@email.yo', '{bcrypt}$2a$10$rY3WD5WhpFQQMRwLsIjH6.zt3N9vA5bWzMfYTPoGCopIyXRuoOutC', 'Bot3', 'Loopson', 'STUDENT');
INSERT INTO youpassed.users (id, email, password, first_name, last_name, role) VALUES (465, '4@email.yo', '{bcrypt}$2a$10$fjHOMvJV/AkNPS0/zfn09.ewecBe8JTxgKRxkQ6.FwdMTQJ0rK/xK', 'Bot4', 'Loopson', 'STUDENT');
INSERT INTO youpassed.users (id, email, password, first_name, last_name, role) VALUES (466, '5@email.yo', '{bcrypt}$2a$10$EkfjrRg2OI7zzSuumZRPAuH9qP2VWWQrpf2yCjQynJvM8Ozs9Zr4S', 'Bot5', 'Loopson', 'STUDENT');
INSERT INTO youpassed.users (id, email, password, first_name, last_name, role) VALUES (467, '6@email.yo', '{bcrypt}$2a$10$wyA9MLOnuccn2jzl2Wy8Lejig0X2thPv2inirlfxrFKGiWFzZ6Taq', 'Bot6', 'Loopson', 'STUDENT');
INSERT INTO youpassed.users (id, email, password, first_name, last_name, role) VALUES (468, '7@email.yo', '{bcrypt}$2a$10$rEC3um2apiIBXHFGQPzmMOuKbR2Z4I9fNLnKRtoeAmDCio4MqaE82', 'Bot7', 'Loopson', 'STUDENT');
INSERT INTO youpassed.users (id, email, password, first_name, last_name, role) VALUES (469, '8@email.yo', '{bcrypt}$2a$10$aRLmJdyB18VNMVVX6pFUlOOfUhmmw71FE3ME8LxO1TK4sBFx1OBte', 'Bot8', 'Loopson', 'STUDENT');
INSERT INTO youpassed.users (id, email, password, first_name, last_name, role) VALUES (470, '9@email.yo', '{bcrypt}$2a$10$G3q8sMOgiEJEaF5Y.lv8m.8I35XBeYb4LzNaCN1Lh3s/rVTWhJaJy', 'Bot9', 'Loopson', 'STUDENT');
INSERT INTO youpassed.users (id, email, password, first_name, last_name, role) VALUES (471, '10@email.yo', '{bcrypt}$2a$10$jqetOQXmCJZ8jsGKcgv90OExUvO.esnEOERPw3WvCZBMn/tPe/Id6', 'Bot10', 'Loopson', 'STUDENT');
INSERT INTO youpassed.users (id, email, password, first_name, last_name, role) VALUES (472, '11@email.yo', '{bcrypt}$2a$10$P/G5fCCEOK5mSS9.3Nfbxu9KcH1EXquII72qN42T5GAqV8VDGl53S', 'Bot11', 'Loopson', 'STUDENT');
INSERT INTO youpassed.users (id, email, password, first_name, last_name, role) VALUES (473, '12@email.yo', '{bcrypt}$2a$10$nefBtaoHVgyQ3Bf0yKhDKuPmEjP2cfxCwyUAljTMs5ZS/iQt5xAnO', 'Bot12', 'Loopson', 'STUDENT');
INSERT INTO youpassed.users (id, email, password, first_name, last_name, role) VALUES (474, '13@email.yo', '{bcrypt}$2a$10$yX6J/KdOnB7jrpbfl4zmAOWWSsWQRz2We9N0Htb4UeGPgFfSLolq2', 'Bot13', 'Loopson', 'STUDENT');
INSERT INTO youpassed.users (id, email, password, first_name, last_name, role) VALUES (475, '14@email.yo', '{bcrypt}$2a$10$9iRoUe.6wPyXzou6K1KRvu6mpcQtsEE1f2dli.fZB1DjpYullDRhi', 'Bot14', 'Loopson', 'STUDENT');
INSERT INTO youpassed.users (id, email, password, first_name, last_name, role) VALUES (476, '15@email.yo', '{bcrypt}$2a$10$YQ3yZY2WmAI2UAHKLEVjE.c4JcrtnL48A1NTIz0ikBxK4Z3vswNAW', 'Bot15', 'Loopson', 'STUDENT');
INSERT INTO youpassed.users (id, email, password, first_name, last_name, role) VALUES (477, '16@email.yo', '{bcrypt}$2a$10$eSr2KUD8TUtZmI4cMFFGgesT1xyUeVwXBv0fyWm4YRhrLAQWDzZaq', 'Bot16', 'Loopson', 'STUDENT');
INSERT INTO youpassed.users (id, email, password, first_name, last_name, role) VALUES (478, '17@email.yo', '{bcrypt}$2a$10$OucFcS0c9.iN4Es3nPyy7ehPwjb21oLxo/7XEE3WpvqlXjCtQ8xOq', 'Bot17', 'Loopson', 'STUDENT');
INSERT INTO youpassed.users (id, email, password, first_name, last_name, role) VALUES (479, '18@email.yo', '{bcrypt}$2a$10$LwcbODygmrmw/EfGs834auh.HzoqHUyEGujpNDR6NzdrEdgNki/s2', 'Bot18', 'Loopson', 'STUDENT');
INSERT INTO youpassed.users (id, email, password, first_name, last_name, role) VALUES (480, '19@email.yo', '{bcrypt}$2a$10$uclk62hyr2SE1bFTgS8feuM5q4jFK4RMhXozMoOF.BVdmOUlYMWqe', 'Bot19', 'Loopson', 'STUDENT');
INSERT INTO youpassed.users (id, email, password, first_name, last_name, role) VALUES (481, '20@email.yo', '{bcrypt}$2a$10$AfAgKIpmGiE986cXq147ZOwoUalQ5YnBljUf3iPuNgmoIZaDLrRwm', 'Bot20', 'Loopson', 'STUDENT');
INSERT INTO youpassed.users (id, email, password, first_name, last_name, role) VALUES (482, '21@email.yo', '{bcrypt}$2a$10$jkurIT0pk8QmipmCIOTP2u8cj9LU02f47lsOIIpYN//hP7.nzYjfu', 'Bot21', 'Loopson', 'STUDENT');
INSERT INTO youpassed.users (id, email, password, first_name, last_name, role) VALUES (483, '22@email.yo', '{bcrypt}$2a$10$2RF2xbQqmTHx/RfcKgAvuuHiNPHoNRFg2Q8XzJW.EJ1hy6VKEF.Dy', 'Bot22', 'Loopson', 'STUDENT');
INSERT INTO youpassed.users (id, email, password, first_name, last_name, role) VALUES (484, '23@email.yo', '{bcrypt}$2a$10$R3i8Xt4hS2pw5iQpUKar/eJltegmbkrA3hf4ig85Va9kHftRsf7vi', 'Bot23', 'Loopson', 'STUDENT');
INSERT INTO youpassed.users (id, email, password, first_name, last_name, role) VALUES (485, '24@email.yo', '{bcrypt}$2a$10$oUhPSZkcit2NlxlYZ/ueAu0DZdGNACuO4E2.lig8qRVI3onMSGnCa', 'Bot24', 'Loopson', 'STUDENT');
INSERT INTO youpassed.users (id, email, password, first_name, last_name, role) VALUES (486, '25@email.yo', '{bcrypt}$2a$10$FBRAcxiqSyfKobDi3M8sk.Rzmcq/EldTJNcIByxtfsMUbzO5VyTMO', 'Bot25', 'Loopson', 'STUDENT');
INSERT INTO youpassed.users (id, email, password, first_name, last_name, role) VALUES (487, '26@email.yo', '{bcrypt}$2a$10$Wz263ofiiBqA96aEvyvVcuyxBOIEFsrDLN0WTY8K1LscKNhaf9dN.', 'Bot26', 'Loopson', 'STUDENT');
INSERT INTO youpassed.users (id, email, password, first_name, last_name, role) VALUES (488, '27@email.yo', '{bcrypt}$2a$10$WmzRFqg9EfcqYZ2IRwxvtenY5G77gWMsroJWj1m0pfFsWHcrgxghy', 'Bot27', 'Loopson', 'STUDENT');
INSERT INTO youpassed.users (id, email, password, first_name, last_name, role) VALUES (489, '28@email.yo', '{bcrypt}$2a$10$ZlUAucyQITdFvCNOUjgpX.pSNezPkbkAeVDy9MqvYQupitPra85Py', 'Bot28', 'Loopson', 'STUDENT');
INSERT INTO youpassed.users (id, email, password, first_name, last_name, role) VALUES (490, '29@email.yo', '{bcrypt}$2a$10$J86ZjQ6Klmu3Vhfs150AjuvDWV0ZBJFpa3NA.TNLbJuf44ZnZps5a', 'Bot29', 'Loopson', 'STUDENT');
INSERT INTO youpassed.users (id, email, password, first_name, last_name, role) VALUES (491, '30@email.yo', '{bcrypt}$2a$10$X1LWHTYFUaNuls5OaK35EeecIAaoBOPqXNwCBNV1w6qS6rV4wCCq6', 'Bot30', 'Loopson', 'STUDENT');
INSERT INTO youpassed.users (id, email, password, first_name, last_name, role) VALUES (492, '31@email.yo', '{bcrypt}$2a$10$hr7TwYh5cFRQS8dCR5Fos.AMMSWAnSQ4HpVgnJLOTaWCbdQN9yuuC', 'Bot31', 'Loopson', 'STUDENT');
INSERT INTO youpassed.users (id, email, password, first_name, last_name, role) VALUES (493, '32@email.yo', '{bcrypt}$2a$10$oSZpWzFGV16Lsv3CBkfLTOXNrkn/k3nZET8YtcAXpZ7y87FAEE0Ni', 'Bot32', 'Loopson', 'STUDENT');
INSERT INTO youpassed.users (id, email, password, first_name, last_name, role) VALUES (494, '33@email.yo', '{bcrypt}$2a$10$S23862GjoCqLTYkrGjBdNu7VgEe8uaCFj3Ku0LGnK6785NAmX4YFK', 'Bot33', 'Loopson', 'STUDENT');
INSERT INTO youpassed.users (id, email, password, first_name, last_name, role) VALUES (495, '34@email.yo', '{bcrypt}$2a$10$lOm0j2IfTmH1zDSSxEqLuuWbJWh9NhC7LkTaaLjm96w42kg6CkdDe', 'Bot34', 'Loopson', 'STUDENT');
INSERT INTO youpassed.users (id, email, password, first_name, last_name, role) VALUES (496, '35@email.yo', '{bcrypt}$2a$10$APD6nj.NPXDFzgezvo5nDeW5qrLEY.hIxqbND56FFcm.RPStKnETi', 'Bot35', 'Loopson', 'STUDENT');
INSERT INTO youpassed.users (id, email, password, first_name, last_name, role) VALUES (497, '36@email.yo', '{bcrypt}$2a$10$CHNSVUdoEUD4M0q9JTVniuGtmT.6Jc4s2TvmF/SIbrnIpR27Vl6N6', 'Bot36', 'Loopson', 'STUDENT');
INSERT INTO youpassed.users (id, email, password, first_name, last_name, role) VALUES (498, '37@email.yo', '{bcrypt}$2a$10$5sbxEDw095Byu5qM2ayL2.scUiPoEPBgyniaEnpFD0gw05IDRlaqa', 'Bot37', 'Loopson', 'STUDENT');
INSERT INTO youpassed.users (id, email, password, first_name, last_name, role) VALUES (499, '38@email.yo', '{bcrypt}$2a$10$mJTWp.V2crL6wK42uBApAuvL9U6sA1Vxo8SKYA.U5y7cImsemL4QS', 'Bot38', 'Loopson', 'STUDENT');
INSERT INTO youpassed.users (id, email, password, first_name, last_name, role) VALUES (500, '39@email.yo', '{bcrypt}$2a$10$KIp9ZPHiJ9cLeD/AaucDb.kmkdGDy.n4xfSc6XUNjxy2sQ4c.Bd66', 'Bot39', 'Loopson', 'STUDENT');
INSERT INTO youpassed.users (id, email, password, first_name, last_name, role) VALUES (501, '40@email.yo', '{bcrypt}$2a$10$Bl84hjiKOuwWE5oL.o/yEuZ3./SXCBnadp/HPZskzqpx4ix6noQX.', 'Bot40', 'Loopson', 'STUDENT');
INSERT INTO youpassed.users (id, email, password, first_name, last_name, role) VALUES (502, '41@email.yo', '{bcrypt}$2a$10$qNEZbqzkcdgl1Gdx6/tGB.S3bCO26iC5ryKl0zVl5ofsAP3bKKnda', 'Bot41', 'Loopson', 'STUDENT');
INSERT INTO youpassed.users (id, email, password, first_name, last_name, role) VALUES (503, '42@email.yo', '{bcrypt}$2a$10$KHAJcPNM2TDX/j2GFlzdQuLoRbmd95E/YET3j7u.OqkdYmVMYjBDC', 'Bot42', 'Loopson', 'STUDENT');
INSERT INTO youpassed.users (id, email, password, first_name, last_name, role) VALUES (504, '43@email.yo', '{bcrypt}$2a$10$fWCq3xHBFGjr6gAz.QgRM.dpgcUaUtd30LHzbVVLDXhBMNNgl1ZrW', 'Bot43', 'Loopson', 'STUDENT');
INSERT INTO youpassed.users (id, email, password, first_name, last_name, role) VALUES (505, '44@email.yo', '{bcrypt}$2a$10$/JCA2f.HHFTM1vZ5MJ4cYO8yFu1clBl2we3Iw10gA/jflyQ7kwCPW', 'Bot44', 'Loopson', 'STUDENT');
INSERT INTO youpassed.users (id, email, password, first_name, last_name, role) VALUES (506, '45@email.yo', '{bcrypt}$2a$10$vY8HtPWvwTv4J3d/BZP8DO1wQYDf37xIYFUDQq64gAlRMcRhcqH.e', 'Bot45', 'Loopson', 'STUDENT');
INSERT INTO youpassed.users (id, email, password, first_name, last_name, role) VALUES (507, '46@email.yo', '{bcrypt}$2a$10$OX2YG.sY5zBTHC/ZFHnYHeGjLPzezpaVrfu/WtOWcJK3djYTTy9QG', 'Bot46', 'Loopson', 'STUDENT');
INSERT INTO youpassed.users (id, email, password, first_name, last_name, role) VALUES (508, '47@email.yo', '{bcrypt}$2a$10$G8hW5JrRJAeaTKDecbec0eN7vlb6VkAag.4SINyOVEuT8TofVXWZy', 'Bot47', 'Loopson', 'STUDENT');
INSERT INTO youpassed.users (id, email, password, first_name, last_name, role) VALUES (509, '48@email.yo', '{bcrypt}$2a$10$7aSH2VliJEzBd5f3rAKggOIuFYYID2SNQxK20rX0dQxvHYltyQeLS', 'Bot48', 'Loopson', 'STUDENT');
INSERT INTO youpassed.users (id, email, password, first_name, last_name, role) VALUES (510, '49@email.yo', '{bcrypt}$2a$10$HEtwn/7bt58w.rHlOPWTx.HyKq.NlZjALgHsSjmkEa7PsTNT2nbYC', 'Bot49', 'Loopson', 'STUDENT');
INSERT INTO youpassed.users (id, email, password, first_name, last_name, role) VALUES (511, '50@email.yo', '{bcrypt}$2a$10$d1IgJF4kc/lN.dV7y3RpG.6znxLyXAgbTwA.T3BNi1ldEAMdW.A6y', 'Bot50', 'Loopson', 'STUDENT');
INSERT INTO youpassed.users (id, email, password, first_name, last_name, role) VALUES (512, '51@email.yo', '{bcrypt}$2a$10$oSIwdw/a5z8x7fqERrSkdu.UzOJ/o5cAkCT1MF/YRfFK4fqpvgfOK', 'Bot51', 'Loopson', 'STUDENT');
INSERT INTO youpassed.users (id, email, password, first_name, last_name, role) VALUES (513, '52@email.yo', '{bcrypt}$2a$10$C01mTDQP0mV7Uw1XPHbRlu/VlJ3Hh7ndo0JLfLVQOyP1ceqVuaRDW', 'Bot52', 'Loopson', 'STUDENT');
INSERT INTO youpassed.users (id, email, password, first_name, last_name, role) VALUES (514, '53@email.yo', '{bcrypt}$2a$10$1Cw420JfUfsWwYxBZw0KV.D5Xf7GOo0uS4QbavwuO9eKErNkTn5Uu', 'Bot53', 'Loopson', 'STUDENT');
INSERT INTO youpassed.users (id, email, password, first_name, last_name, role) VALUES (515, '54@email.yo', '{bcrypt}$2a$10$to1bhTr5uHJu0MwJCdwguO7dzFJKZX.XrGC4FXHwZ00Uz8c94h192', 'Bot54', 'Loopson', 'STUDENT');
INSERT INTO youpassed.users (id, email, password, first_name, last_name, role) VALUES (516, '55@email.yo', '{bcrypt}$2a$10$YWXyktS3HX5PF607SvAXN.uKaCcHs5WsByud4F9cmOr7RjK80Af5u', 'Bot55', 'Loopson', 'STUDENT');
INSERT INTO youpassed.users (id, email, password, first_name, last_name, role) VALUES (517, '56@email.yo', '{bcrypt}$2a$10$wtgTYWh3pc74c9O/TTvvt.dMN/rcDNWID9gWRaL6Xv/2T7ffEJZ8a', 'Bot56', 'Loopson', 'STUDENT');
INSERT INTO youpassed.users (id, email, password, first_name, last_name, role) VALUES (518, '57@email.yo', '{bcrypt}$2a$10$MIm1CythQIA3ap0GXgCFyOU88J7uEozV/pJHeNLsTFAbinwIMyMMi', 'Bot57', 'Loopson', 'STUDENT');
INSERT INTO youpassed.users (id, email, password, first_name, last_name, role) VALUES (519, '58@email.yo', '{bcrypt}$2a$10$In52BrMqMt91SyyH6I/Ixud8KB2UDsLHIOr1B.P7ny16pSj6RHsqW', 'Bot58', 'Loopson', 'STUDENT');
INSERT INTO youpassed.users (id, email, password, first_name, last_name, role) VALUES (520, '59@email.yo', '{bcrypt}$2a$10$F9Sbu8padDTIANDkvRqnuuGYrYijPFi.v3/kthL2znej14Wk0/7de', 'Bot59', 'Loopson', 'STUDENT');
INSERT INTO youpassed.users (id, email, password, first_name, last_name, role) VALUES (521, '60@email.yo', '{bcrypt}$2a$10$iSbJF2hBVAvjJ39aMYFZvu7Pfc/X6Pi9Wjsh61e0TTF660O0Gru0a', 'Bot60', 'Loopson', 'STUDENT');
INSERT INTO youpassed.users (id, email, password, first_name, last_name, role) VALUES (522, '61@email.yo', '{bcrypt}$2a$10$okTVnYyNyRVzZgyIHi4vfen11POFLHXekVNN.l9TEOYdKXvxLsXqG', 'Bot61', 'Loopson', 'STUDENT');
INSERT INTO youpassed.users (id, email, password, first_name, last_name, role) VALUES (523, '62@email.yo', '{bcrypt}$2a$10$30VjPG9K3wOGF9x7Gof3fuHR3F041qLMwgztIEhPdvGy7FuN3NR3K', 'Bot62', 'Loopson', 'STUDENT');
INSERT INTO youpassed.users (id, email, password, first_name, last_name, role) VALUES (524, '63@email.yo', '{bcrypt}$2a$10$JwYI0theON11mqD48ZzBRu034DoZIt9Ze7YeXKR7jbDG0xRqV0LN6', 'Bot63', 'Loopson', 'STUDENT');
INSERT INTO youpassed.users (id, email, password, first_name, last_name, role) VALUES (525, '64@email.yo', '{bcrypt}$2a$10$3a5cvL/SDfjihBTjLnGyku57vrTslix2x/jkqAVoJmST4o1K2xMTa', 'Bot64', 'Loopson', 'STUDENT');
INSERT INTO youpassed.users (id, email, password, first_name, last_name, role) VALUES (526, '65@email.yo', '{bcrypt}$2a$10$ZqRFi5dtMxyS5xZmshhQZuFf3lGaz6K4mPwCEy.kojU3rZvktS1OC', 'Bot65', 'Loopson', 'STUDENT');
INSERT INTO youpassed.users (id, email, password, first_name, last_name, role) VALUES (527, '66@email.yo', '{bcrypt}$2a$10$4zJyZRwf./.qoV/dI8brReYvfDKMftg21f2BV3EqdEspaNIJW0G1u', 'Bot66', 'Loopson', 'STUDENT');
INSERT INTO youpassed.users (id, email, password, first_name, last_name, role) VALUES (528, '67@email.yo', '{bcrypt}$2a$10$L9S1P28mNGsYJl7c6r9YvuTxZwZFDsKCCF8qAE8T3HDRumqYZLRgu', 'Bot67', 'Loopson', 'STUDENT');
INSERT INTO youpassed.users (id, email, password, first_name, last_name, role) VALUES (529, '68@email.yo', '{bcrypt}$2a$10$rcAbebCm1UnEGHNB0CZzkOcLJMyxNGm9liF5.2s3HAnA6YhCEoh/.', 'Bot68', 'Loopson', 'STUDENT');
INSERT INTO youpassed.users (id, email, password, first_name, last_name, role) VALUES (530, '69@email.yo', '{bcrypt}$2a$10$QTmNLQI9ELyYpOEb7dyXgOSlDk5CYRfJ6C995iLoq3KFSMQeDu/Na', 'Bot69', 'Loopson', 'STUDENT');
INSERT INTO youpassed.users (id, email, password, first_name, last_name, role) VALUES (531, '70@email.yo', '{bcrypt}$2a$10$jT.GD.CKQk4JGOfpGB7oGOhZAa4Hupe35b6ybJenZdeg35QMheqFW', 'Bot70', 'Loopson', 'STUDENT');
INSERT INTO youpassed.users (id, email, password, first_name, last_name, role) VALUES (532, '71@email.yo', '{bcrypt}$2a$10$aJ/0uyeWmYh5TnDPWZbXdOONajgn7T1YHEI39vBlPs5lFfq4CtW6i', 'Bot71', 'Loopson', 'STUDENT');
INSERT INTO youpassed.users (id, email, password, first_name, last_name, role) VALUES (533, '72@email.yo', '{bcrypt}$2a$10$Qr4cD1IIzLFtWN/Sx0AgXO3x9Gm9iONFh1wF.DqVXCPkCfnAVusFO', 'Bot72', 'Loopson', 'STUDENT');
INSERT INTO youpassed.users (id, email, password, first_name, last_name, role) VALUES (534, '73@email.yo', '{bcrypt}$2a$10$mIEZGMsHR81KXkYzNdVEbejsshh0BFGWpsPdHHSmyQkB9GS8/Khmu', 'Bot73', 'Loopson', 'STUDENT');
INSERT INTO youpassed.users (id, email, password, first_name, last_name, role) VALUES (535, '74@email.yo', '{bcrypt}$2a$10$OYTEgxnEXbfE66vzdLbFCeZrWmWZKK9aIlFm1Iuu097RSCEs2ddW2', 'Bot74', 'Loopson', 'STUDENT');
INSERT INTO youpassed.users (id, email, password, first_name, last_name, role) VALUES (536, '75@email.yo', '{bcrypt}$2a$10$BnVDXD5c4oxGyayrL5xNe.stWCr3A61I3NX4PvNKBX/fqO27dYDlq', 'Bot75', 'Loopson', 'STUDENT');
INSERT INTO youpassed.users (id, email, password, first_name, last_name, role) VALUES (537, '76@email.yo', '{bcrypt}$2a$10$AydgJgqlJql7jmceISJVBuErdbF7qVV.iJEe8BnGiGxvgcimvqlxe', 'Bot76', 'Loopson', 'STUDENT');
INSERT INTO youpassed.users (id, email, password, first_name, last_name, role) VALUES (538, '77@email.yo', '{bcrypt}$2a$10$XyDuryTgsWrVySkp8UvC/u2sPyYEzcKU5pqY5LV9RKX5oieNqmD6e', 'Bot77', 'Loopson', 'STUDENT');
INSERT INTO youpassed.users (id, email, password, first_name, last_name, role) VALUES (539, '78@email.yo', '{bcrypt}$2a$10$TCrZOq0S4IDgeYhYyrRMFOMbyZLalcXzoi0r99BP5Srb3uLxtfChC', 'Bot78', 'Loopson', 'STUDENT');
INSERT INTO youpassed.users (id, email, password, first_name, last_name, role) VALUES (540, '79@email.yo', '{bcrypt}$2a$10$5/plG/xIAZm9Xam8vMHSb.fgNie6.6xsSzyM6d/QC5bCjwWaeXnZa', 'Bot79', 'Loopson', 'STUDENT');
INSERT INTO youpassed.users (id, email, password, first_name, last_name, role) VALUES (541, '80@email.yo', '{bcrypt}$2a$10$.wQ7gA1vOBPsQ9ohWpge3eMKWKYfo9jRy/pdr1rqa3l2S9iI/kPnq', 'Bot80', 'Loopson', 'STUDENT');
INSERT INTO youpassed.users (id, email, password, first_name, last_name, role) VALUES (542, '81@email.yo', '{bcrypt}$2a$10$4.ub9ptFUj.ycpxLTJIM6.P0AocqoNoyTPcRC6am8h92U0wAJonWK', 'Bot81', 'Loopson', 'STUDENT');
INSERT INTO youpassed.users (id, email, password, first_name, last_name, role) VALUES (543, '82@email.yo', '{bcrypt}$2a$10$fK9wtWO/iI96DXHGkUXPyuWo3hOc82gLEmKHdqae9gZ286ZoQ18pK', 'Bot82', 'Loopson', 'STUDENT');
INSERT INTO youpassed.users (id, email, password, first_name, last_name, role) VALUES (544, '83@email.yo', '{bcrypt}$2a$10$1i4lp35TAIBxwm3pNwj2au1dx31k0O3thkx67HqfFKp9SS9Yue4/2', 'Bot83', 'Loopson', 'STUDENT');
INSERT INTO youpassed.users (id, email, password, first_name, last_name, role) VALUES (545, '84@email.yo', '{bcrypt}$2a$10$r/LIvBvhYUJbWp0jSgvic.Q2t39dVJvKhBiWPEJ1FJV0KF0EUn7wu', 'Bot84', 'Loopson', 'STUDENT');
INSERT INTO youpassed.users (id, email, password, first_name, last_name, role) VALUES (546, '85@email.yo', '{bcrypt}$2a$10$11NIe9SyEZacmdhADi7SceIil6KyZWLF8ReZw26HVLhU5BI55DABq', 'Bot85', 'Loopson', 'STUDENT');
INSERT INTO youpassed.users (id, email, password, first_name, last_name, role) VALUES (547, '86@email.yo', '{bcrypt}$2a$10$ZM25f.TbkF4A/gK8eWf5iOVTMuXQv85Gi9JZFpvaysVcK.S5nIEHy', 'Bot86', 'Loopson', 'STUDENT');
INSERT INTO youpassed.users (id, email, password, first_name, last_name, role) VALUES (548, '87@email.yo', '{bcrypt}$2a$10$7R1F7rXHRK4V2I5xb8P5X.vYCkdDjP1vKdoP0daPu58XXUjkMq85C', 'Bot87', 'Loopson', 'STUDENT');
INSERT INTO youpassed.users (id, email, password, first_name, last_name, role) VALUES (549, '88@email.yo', '{bcrypt}$2a$10$OSX/ayhbDa5IbKyqZF7d7.UiGuvCQEeBbFeoRYN92SZ0QC4Jro0CS', 'Bot88', 'Loopson', 'STUDENT');
INSERT INTO youpassed.users (id, email, password, first_name, last_name, role) VALUES (550, '89@email.yo', '{bcrypt}$2a$10$jFe.dqfytKh2w9R8HSpNwuZ.87qLwwKVDhhtCza2usaDT.iWHJMT.', 'Bot89', 'Loopson', 'STUDENT');
INSERT INTO youpassed.users (id, email, password, first_name, last_name, role) VALUES (551, '90@email.yo', '{bcrypt}$2a$10$3uWK/wmilOVC3t3Y7sv7E.WMbG99uPFudhTVF0ijglk/EustvEkhu', 'Bot90', 'Loopson', 'STUDENT');
INSERT INTO youpassed.users (id, email, password, first_name, last_name, role) VALUES (552, '91@email.yo', '{bcrypt}$2a$10$qhgT1VSU7uV2IkraHcxbneCf3vhxZRgsuiVPw3UAhOddcPAQoqUx.', 'Bot91', 'Loopson', 'STUDENT');
INSERT INTO youpassed.users (id, email, password, first_name, last_name, role) VALUES (553, '92@email.yo', '{bcrypt}$2a$10$mzFVKcmUCTlsnH2HKqe90uQ98nuYdZ9vUsIoVg/ZreDVAYuCPqev.', 'Bot92', 'Loopson', 'STUDENT');
INSERT INTO youpassed.users (id, email, password, first_name, last_name, role) VALUES (554, '93@email.yo', '{bcrypt}$2a$10$Vq67PR1ntjAPaWTuCw2v.O.Fb8njOKKISA8ymvUi5GvVO.9/iLqb.', 'Bot93', 'Loopson', 'STUDENT');
INSERT INTO youpassed.users (id, email, password, first_name, last_name, role) VALUES (555, '94@email.yo', '{bcrypt}$2a$10$1ysEacljnjH52xKfekhER.nwMaLJSL.CjVaeXlBqGWcqPaA2P0We.', 'Bot94', 'Loopson', 'STUDENT');
INSERT INTO youpassed.users (id, email, password, first_name, last_name, role) VALUES (556, '95@email.yo', '{bcrypt}$2a$10$Jy6XvjW.nI/Y2tTgxNFIxOpabWs7eERA.VD8H/tMhDaJ1FnpGtfl.', 'Bot95', 'Loopson', 'STUDENT');
INSERT INTO youpassed.users (id, email, password, first_name, last_name, role) VALUES (557, '96@email.yo', '{bcrypt}$2a$10$jKumHBOVGEEP7LlP/h/v..6AnzQLbPm7sEjKwuBylccZTmTe6KGFe', 'Bot96', 'Loopson', 'STUDENT');
INSERT INTO youpassed.users (id, email, password, first_name, last_name, role) VALUES (558, '97@email.yo', '{bcrypt}$2a$10$RHKB26Q1PZI5GwBaGN1aj.rzXFfQzmU/I9E7ZhZSPH54gezv1.2XS', 'Bot97', 'Loopson', 'STUDENT');
INSERT INTO youpassed.users (id, email, password, first_name, last_name, role) VALUES (559, '98@email.yo', '{bcrypt}$2a$10$Aizp8mE0ngh0ehKtPDVT5egGliHwqi/tLx0z6ASPOC2WYpRKxOYw.', 'Bot98', 'Loopson', 'STUDENT');
INSERT INTO youpassed.users (id, email, password, first_name, last_name, role) VALUES (560, '99@email.yo', '{bcrypt}$2a$10$.gelL3XxTAn52bRJFhg0nurAdH6jCylsq13rPk2XnQHFp6yrLseae', 'Bot99', 'Loopson', 'STUDENT');
INSERT INTO youpassed.users (id, email, password, first_name, last_name, role) VALUES (561, 'asugoniako@gmail.com', '{bcrypt}$2a$10$geQVx2daiUDN1SzRV1a/pOarwf69SW8HcW3KoyX79T5dI0ySjEbPy', 'alina', 'sugoniako', 'STUDENT');